[{"id":"user-image-Screenshot2022-12-28182606.jpg","publicUrl":"np://user.desktop.nicepage.com/Site_124159627/images/Screenshot2022-12-28182606.jpg","size":270070,"fileName":"Screenshot2022-12-28182606.jpg","name":"Screenshot2022-12-28182606","width":1117,"height":742,"thumbnail":{"url":"np://user.desktop.nicepage.com/Site_124159627/images/thumbnails/Screenshot2022-12-28182606.jpg","width":250,"height":166},"usages":["2276211499"]},{"id":"user-image-Screenshot2022-12-28182724.jpg","publicUrl":"np://user.desktop.nicepage.com/Site_124159627/images/Screenshot2022-12-28182724.jpg","size":223336,"fileName":"Screenshot2022-12-28182724.jpg","name":"Screenshot2022-12-28182724","width":1121,"height":658,"thumbnail":{"url":"np://user.desktop.nicepage.com/Site_124159627/images/thumbnails/Screenshot2022-12-28182724.jpg","width":250,"height":147},"usages":["2276211499"]},{"id":"user-image-icon.jpg","publicUrl":"np://user.desktop.nicepage.com/Site_124159627/images/icon.jpg","size":1772,"fileName":"icon.jpg","name":"icon","width":53,"height":52,"thumbnail":{"url":"np://user.desktop.nicepage.com/Site_124159627/images/thumbnails/icon.jpg","height":52,"width":53,"length":1772,"type":"jpg"},"usages":["2276211499"]},{"id":"user-image-Screenshot2022-12-28184443.jpg","publicUrl":"np://user.desktop.nicepage.com/Site_124159627/images/Screenshot2022-12-28184443.jpg","size":130409,"fileName":"Screenshot2022-12-28184443.jpg","name":"Screenshot2022-12-28184443","width":488,"height":747,"thumbnail":{"url":"np://user.desktop.nicepage.com/Site_124159627/images/thumbnails/Screenshot2022-12-28184443.jpg","width":163,"height":250},"usages":["2276211499"]},{"id":"user-image-Screenshot2022-12-28184602.jpg","publicUrl":"np://user.desktop.nicepage.com/Site_124159627/images/Screenshot2022-12-28184602.jpg","size":199901,"fileName":"Screenshot2022-12-28184602.jpg","name":"Screenshot2022-12-28184602","width":1007,"height":701,"thumbnail":{"url":"np://user.desktop.nicepage.com/Site_124159627/images/thumbnails/Screenshot2022-12-28184602.jpg","width":250,"height":174},"usages":["2276211499"]},{"id":"user-image-Screenshot2022-12-28185216.jpg","publicUrl":"np://user.desktop.nicepage.com/Site_124159627/images/Screenshot2022-12-28185216.jpg","size":98430,"fileName":"Screenshot2022-12-28185216.jpg","name":"Screenshot2022-12-28185216","width":457,"height":655,"thumbnail":{"url":"np://user.desktop.nicepage.com/Site_124159627/images/thumbnails/Screenshot2022-12-28185216.jpg","width":174,"height":250},"usages":["1009723026"]},{"id":"user-image-Screenshot2022-12-28185227.jpg","publicUrl":"np://user.desktop.nicepage.com/Site_124159627/images/Screenshot2022-12-28185227.jpg","size":74389,"fileName":"Screenshot2022-12-28185227.jpg","name":"Screenshot2022-12-28185227","width":446,"height":646,"thumbnail":{"url":"np://user.desktop.nicepage.com/Site_124159627/images/thumbnails/Screenshot2022-12-28185227.jpg","width":173,"height":250},"usages":["1009723026"]},{"id":"user-image-Screenshot2022-12-28185238.jpg","publicUrl":"np://user.desktop.nicepage.com/Site_124159627/images/Screenshot2022-12-28185238.jpg","size":101497,"fileName":"Screenshot2022-12-28185238.jpg","name":"Screenshot2022-12-28185238","width":455,"height":596,"thumbnail":{"url":"np://user.desktop.nicepage.com/Site_124159627/images/thumbnails/Screenshot2022-12-28185238.jpg","width":191,"height":250},"usages":["1009723026"]},{"id":"user-image-Screenshot2022-12-28185248.jpg","publicUrl":"np://user.desktop.nicepage.com/Site_124159627/images/Screenshot2022-12-28185248.jpg","size":113219,"fileName":"Screenshot2022-12-28185248.jpg","name":"Screenshot2022-12-28185248","width":457,"height":597,"thumbnail":{"url":"np://user.desktop.nicepage.com/Site_124159627/images/thumbnails/Screenshot2022-12-28185248.jpg","width":191,"height":250},"usages":["1009723026"]},{"id":"user-image-Screenshot2022-12-28185258.jpg","publicUrl":"np://user.desktop.nicepage.com/Site_124159627/images/Screenshot2022-12-28185258.jpg","size":75623,"fileName":"Screenshot2022-12-28185258.jpg","name":"Screenshot2022-12-28185258","width":455,"height":635,"thumbnail":{"url":"np://user.desktop.nicepage.com/Site_124159627/images/thumbnails/Screenshot2022-12-28185258.jpg","width":179,"height":250},"usages":["1009723026"]},{"id":"user-image-Screenshot2022-12-28185309.jpg","publicUrl":"np://user.desktop.nicepage.com/Site_124159627/images/Screenshot2022-12-28185309.jpg","size":84916,"fileName":"Screenshot2022-12-28185309.jpg","name":"Screenshot2022-12-28185309","width":457,"height":592,"thumbnail":{"url":"np://user.desktop.nicepage.com/Site_124159627/images/thumbnails/Screenshot2022-12-28185309.jpg","width":193,"height":250},"usages":["1009723026"]},{"id":"user-image-Screenshot2022-12-28185319.jpg","publicUrl":"np://user.desktop.nicepage.com/Site_124159627/images/Screenshot2022-12-28185319.jpg","size":95727,"fileName":"Screenshot2022-12-28185319.jpg","name":"Screenshot2022-12-28185319","width":455,"height":612,"thumbnail":{"url":"np://user.desktop.nicepage.com/Site_124159627/images/thumbnails/Screenshot2022-12-28185319.jpg","width":186,"height":250},"usages":["1009723026"]},{"id":"user-image-Screenshot2022-12-28185328.jpg","publicUrl":"np://user.desktop.nicepage.com/Site_124159627/images/Screenshot2022-12-28185328.jpg","size":97730,"fileName":"Screenshot2022-12-28185328.jpg","name":"Screenshot2022-12-28185328","width":451,"height":617,"thumbnail":{"url":"np://user.desktop.nicepage.com/Site_124159627/images/thumbnails/Screenshot2022-12-28185328.jpg","width":183,"height":250},"usages":["1009723026"]},{"id":"user-image-Screenshot2022-12-28191517.jpg","publicUrl":"np://user.desktop.nicepage.com/Site_124159627/images/Screenshot2022-12-28191517.jpg","size":148209,"fileName":"Screenshot2022-12-28191517.jpg","name":"Screenshot2022-12-28191517","width":658,"height":693,"thumbnail":{"url":"np://user.desktop.nicepage.com/Site_124159627/images/thumbnails/Screenshot2022-12-28191517.jpg","width":237,"height":250},"usages":["65501524"]},{"id":"user-image-2001019.jpg","publicUrl":"np://user.desktop.nicepage.com/Site_124159627/images/2001019.jpg","size":24262,"fileName":"2001019.jpg","name":"2001019","width":211,"height":141,"thumbnail":{"url":"np://user.desktop.nicepage.com/Site_124159627/images/thumbnails/2001019.jpg","height":141,"width":211,"length":24262,"type":"jpg"},"usages":["65501524"]},{"id":"user-image-26575.jpg","publicUrl":"np://user.desktop.nicepage.com/Site_124159627/images/26575.jpg","size":17460,"fileName":"26575.jpg","name":"26575","width":204,"height":136,"thumbnail":{"url":"np://user.desktop.nicepage.com/Site_124159627/images/thumbnails/26575.jpg","height":136,"width":204,"length":17460,"type":"jpg"},"usages":["65501524"]},{"id":"user-image-Screenshot2022-12-28192439.jpg","publicUrl":"np://user.desktop.nicepage.com/Site_124159627/images/Screenshot2022-12-28192439.jpg","size":148264,"fileName":"Screenshot2022-12-28192439.jpg","name":"Screenshot2022-12-28192439","width":1035,"height":640,"thumbnail":{"url":"np://user.desktop.nicepage.com/Site_124159627/images/thumbnails/Screenshot2022-12-28192439.jpg","width":250,"height":155},"usages":["65501524"]},{"id":"user-image-Screenshot2022-12-28192452.jpg","publicUrl":"np://user.desktop.nicepage.com/Site_124159627/images/Screenshot2022-12-28192452.jpg","size":133492,"fileName":"Screenshot2022-12-28192452.jpg","name":"Screenshot2022-12-28192452","width":927,"height":663,"thumbnail":{"url":"np://user.desktop.nicepage.com/Site_124159627/images/thumbnails/Screenshot2022-12-28192452.jpg","width":250,"height":179},"usages":["65501524"]},{"id":"user-image-Screenshot2022-12-28192405.jpg","publicUrl":"np://user.desktop.nicepage.com/Site_124159627/images/Screenshot2022-12-28192405.jpg","size":80600,"fileName":"Screenshot2022-12-28192405.jpg","name":"Screenshot2022-12-28192405","width":547,"height":715,"thumbnail":{"url":"np://user.desktop.nicepage.com/Site_124159627/images/thumbnails/Screenshot2022-12-28192405.jpg","width":191,"height":250},"usages":["65501524"]},{"id":"user-image-Screenshot2022-12-28192754.jpg","publicUrl":"np://user.desktop.nicepage.com/Site_124159627/images/Screenshot2022-12-28192754.jpg","size":62915,"fileName":"Screenshot2022-12-28192754.jpg","name":"Screenshot2022-12-28192754","width":542,"height":332,"thumbnail":{"url":"np://user.desktop.nicepage.com/Site_124159627/images/thumbnails/Screenshot2022-12-28192754.jpg","width":250,"height":153},"usages":["65501524"]},{"id":"user-image-Screenshot2022-12-28192846.jpg","publicUrl":"np://user.desktop.nicepage.com/Site_124159627/images/Screenshot2022-12-28192846.jpg","size":57978,"fileName":"Screenshot2022-12-28192846.jpg","name":"Screenshot2022-12-28192846","width":546,"height":281,"thumbnail":{"url":"np://user.desktop.nicepage.com/Site_124159627/images/thumbnails/Screenshot2022-12-28192846.jpg","width":250,"height":129},"usages":["65501524"]},{"id":"user-image-oie_transparent7.png","publicUrl":"np://user.desktop.nicepage.com/Site_124159627/images/oie_transparent7.png","size":9569,"fileName":"oie_transparent7.png","name":"oie_transparent7","width":238,"height":255,"thumbnail":{"url":"np://user.desktop.nicepage.com/Site_124159627/images/thumbnails/oie_transparent7.png","width":233,"height":250},"usages":["899413101"]},{"id":"user-image-oie_transparent6.png","publicUrl":"np://user.desktop.nicepage.com/Site_124159627/images/oie_transparent6.png","size":7115,"fileName":"oie_transparent6.png","name":"oie_transparent6","width":290,"height":153,"thumbnail":{"url":"np://user.desktop.nicepage.com/Site_124159627/images/thumbnails/oie_transparent6.png","width":250,"height":132},"usages":["899413101"]},{"id":"user-image-oie_transparent4.png","publicUrl":"np://user.desktop.nicepage.com/Site_124159627/images/oie_transparent4.png","size":8398,"fileName":"oie_transparent4.png","name":"oie_transparent4","width":257,"height":197,"thumbnail":{"url":"np://user.desktop.nicepage.com/Site_124159627/images/thumbnails/oie_transparent4.png","width":250,"height":192},"usages":["899413101"]},{"id":"user-image-oie_transparent2.png","publicUrl":"np://user.desktop.nicepage.com/Site_124159627/images/oie_transparent2.png","size":11090,"fileName":"oie_transparent2.png","name":"oie_transparent2","width":330,"height":228,"thumbnail":{"url":"np://user.desktop.nicepage.com/Site_124159627/images/thumbnails/oie_transparent2.png","width":250,"height":173},"usages":["899413101"]},{"id":"user-image-oie_transparent5.png","publicUrl":"np://user.desktop.nicepage.com/Site_124159627/images/oie_transparent5.png","size":11071,"fileName":"oie_transparent5.png","name":"oie_transparent5","width":275,"height":228,"thumbnail":{"url":"np://user.desktop.nicepage.com/Site_124159627/images/thumbnails/oie_transparent5.png","width":250,"height":207},"usages":["899413101"]},{"id":"user-image-oie_transparent3.png","publicUrl":"np://user.desktop.nicepage.com/Site_124159627/images/oie_transparent3.png","size":6550,"fileName":"oie_transparent3.png","name":"oie_transparent3","width":282,"height":236,"thumbnail":{"url":"np://user.desktop.nicepage.com/Site_124159627/images/thumbnails/oie_transparent3.png","width":250,"height":209},"usages":["899413101"]},{"id":"user-image-oie_transparent1.png","publicUrl":"np://user.desktop.nicepage.com/Site_124159627/images/oie_transparent1.png","size":8354,"fileName":"oie_transparent1.png","name":"oie_transparent1","width":302,"height":171,"thumbnail":{"url":"np://user.desktop.nicepage.com/Site_124159627/images/thumbnails/oie_transparent1.png","width":250,"height":142},"usages":["899413101"]},{"id":"user-image-15235546_1216273635077846_2414367736056708591_o2.jpg","publicUrl":"np://user.desktop.nicepage.com/Site_124159627/images/15235546_1216273635077846_2414367736056708591_o2.jpg","size":124576,"fileName":"15235546_1216273635077846_2414367736056708591_o2.jpg","name":"15235546_1216273635077846_2414367736056708591_o2","width":2212,"height":1076,"thumbnail":{"url":"np://user.desktop.nicepage.com/Site_124159627/images/thumbnails/15235546_1216273635077846_2414367736056708591_o2.jpg","width":250,"height":122},"usages":["899413101"]},{"id":"user-image-10275467_703057096399505_709953466448250719_o.jpg","publicUrl":"np://user.desktop.nicepage.com/Site_124159627/images/10275467_703057096399505_709953466448250719_o.jpg","size":395962,"fileName":"10275467_703057096399505_709953466448250719_o.jpg","name":"10275467_703057096399505_709953466448250719_o","width":1638,"height":2048,"thumbnail":{"url":"np://user.desktop.nicepage.com/Site_124159627/images/thumbnails/10275467_703057096399505_709953466448250719_o.jpg","width":200,"height":250},"usages":["65501524"]},{"id":"user-image-887180_506794149359135_287907528_o.jpg","publicUrl":"np://user.desktop.nicepage.com/Site_124159627/images/887180_506794149359135_287907528_o.jpg","size":325728,"fileName":"887180_506794149359135_287907528_o.jpg","name":"887180_506794149359135_287907528_o","width":1532,"height":2048,"thumbnail":{"url":"np://user.desktop.nicepage.com/Site_124159627/images/thumbnails/887180_506794149359135_287907528_o.jpg","width":187,"height":250},"usages":["65501524"]},{"id":"user-image-greyedlogo.jpg","publicUrl":"np://user.desktop.nicepage.com/Site_124159627/images/greyedlogo.jpg","size":165143,"fileName":"greyedlogo.jpg","name":"greyedlogo","width":1582,"height":2048,"thumbnail":{"url":"np://user.desktop.nicepage.com/Site_124159627/images/thumbnails/greyedlogo.jpg","width":193,"height":250},"usages":["65501524"]},{"id":"user-image-13335674_1077620852276459_6261921779864435179_n.jpg","publicUrl":"np://user.desktop.nicepage.com/Site_124159627/images/13335674_1077620852276459_6261921779864435179_n.jpg","size":70797,"fileName":"13335674_1077620852276459_6261921779864435179_n.jpg","name":"13335674_1077620852276459_6261921779864435179_n","width":960,"height":639,"thumbnail":{"url":"np://user.desktop.nicepage.com/Site_124159627/images/thumbnails/13335674_1077620852276459_6261921779864435179_n.jpg","width":250,"height":166},"usages":["65501524"]},{"id":"user-image-Screenshot2023-04-24123057.jpg","publicUrl":"np://user.desktop.nicepage.com/Site_124159627/images/Screenshot2023-04-24123057.jpg","size":124321,"hash":"NgQPkPd8R74YFBEpRJL/+Fzig5g=","fileName":"Screenshot2023-04-24123057.jpg","name":"Screenshot2023-04-24123057","width":470,"height":672,"thumbnail":{"url":"np://user.desktop.nicepage.com/Site_124159627/images/thumbnails/Screenshot2023-04-24123057.jpg","width":175,"height":250},"usages":["1009723026"]},{"id":"user-image-Screenshot2023-04-24124648.jpg","publicUrl":"np://user.desktop.nicepage.com/Site_124159627/images/Screenshot2023-04-24124648.jpg","size":67349,"hash":"1SzN2SJwZrVT8EGCr1SzTNJZLC4=","fileName":"Screenshot2023-04-24124648.jpg","name":"Screenshot2023-04-24124648","width":507,"height":672,"thumbnail":{"url":"np://user.desktop.nicepage.com/Site_124159627/images/thumbnails/Screenshot2023-04-24124648.jpg","width":189,"height":250},"usages":["1009723026"]},{"id":"user-image-Goatmandigitalposter.jpg","publicUrl":"np://user.desktop.nicepage.com/Site_124159627/images/Goatmandigitalposter.jpg","size":501182,"hash":"AH62P2l4ircZIZUXGHq7nX/e3uQ=","fileName":"Goatmandigitalposter.jpg","name":"Goatmandigitalposter","width":1668,"height":2388,"thumbnail":{"url":"np://user.desktop.nicepage.com/Site_124159627/images/thumbnails/Goatmandigitalposter.jpg","width":175,"height":250},"usages":["1009723026"]}]